{"cameraMode":{"drawMode":0,"name":"Shaded","section":"Shading Mode"},"sceneLighting":false,"audioPlay":false,"sceneViewState":{"showFog":true,"showMaterialUpdate":false,"showSkybox":false,"showFlares":true,"showImageEffects":true,"showParticleSystems":true,"showVisualEffectGraphs":true,"m_FxEnabled":true},"in2DMode":false,"pivot":{"x":35.049415588378909,"y":-51.78144454956055,"z":-186.61439514160157},"rotation":{"x":0.014894424006342888,"y":0.985771894454956,"z":-0.13856737315654756,"w":0.09269487112760544},"size":100.98445892333985,"orthographic":false}