{"cameraMode":{"drawMode":0,"name":"Shaded","section":"Shading Mode"},"sceneLighting":false,"audioPlay":false,"sceneViewState":{"showFog":true,"showMaterialUpdate":false,"showSkybox":false,"showFlares":true,"showImageEffects":true,"showParticleSystems":true,"showVisualEffectGraphs":true,"m_FxEnabled":true},"in2DMode":false,"pivot":{"x":0.05126836895942688,"y":1.7735886573791505,"z":2.6708757877349855},"rotation":{"x":0.22763943672180177,"y":0.02156604640185833,"z":-0.004730047658085823,"w":0.9730278849601746},"size":8.322905540466309,"orthographic":false}