{"cameraMode":{"drawMode":0,"name":"Shaded","section":"Shading Mode"},"sceneLighting":true,"audioPlay":false,"sceneViewState":{"showFog":true,"showMaterialUpdate":false,"showSkybox":true,"showFlares":true,"showImageEffects":true,"showParticleSystems":true,"showVisualEffectGraphs":true,"m_FxEnabled":true},"in2DMode":false,"pivot":{"x":3.852330207824707,"y":2.7124037742614748,"z":-2.3005661964416506},"rotation":{"x":0.004216364119201899,"y":-0.9081694483757019,"z":0.41740044951438906,"w":0.009842060506343842},"size":18.131267547607423,"orthographic":false}