{"cameraMode":{"drawMode":0,"name":"Shaded","section":"Shading Mode"},"sceneLighting":false,"audioPlay":false,"sceneViewState":{"showFog":true,"showMaterialUpdate":false,"showSkybox":false,"showFlares":true,"showImageEffects":true,"showParticleSystems":true,"showVisualEffectGraphs":true,"m_FxEnabled":true},"in2DMode":false,"pivot":{"x":2.0151255130767824,"y":4.542713642120361,"z":-3.3366613388061525},"rotation":{"x":-0.12145242094993592,"y":0.0024417780805379154,"z":-0.000644328014459461,"w":-0.9921401739120483},"size":6.29524564743042,"orthographic":false}