{"cameraMode":{"drawMode":0,"name":"Shaded","section":"Shading Mode"},"sceneLighting":true,"audioPlay":false,"sceneViewState":{"showFog":true,"showMaterialUpdate":false,"showSkybox":true,"showFlares":true,"showImageEffects":true,"showParticleSystems":true,"showVisualEffectGraphs":true,"m_FxEnabled":true},"in2DMode":false,"pivot":{"x":-13.176849365234375,"y":2.262218952178955,"z":1.2624646425247193},"rotation":{"x":0.013041081838309765,"y":-0.6868578195571899,"z":0.012861589901149273,"w":0.7257703542709351},"size":10.117480278015137,"orthographic":false}