{"cameraMode":{"drawMode":0,"name":"Shaded","section":"Shading Mode"},"sceneLighting":true,"audioPlay":false,"sceneViewState":{"showFog":true,"showMaterialUpdate":false,"showSkybox":true,"showFlares":true,"showImageEffects":true,"showParticleSystems":true,"showVisualEffectGraphs":true,"m_FxEnabled":true},"in2DMode":false,"pivot":{"x":-3.2719736099243166,"y":3.580049991607666,"z":0.7139456272125244},"rotation":{"x":0.009678102098405362,"y":-0.7045460343360901,"z":0.014115460216999054,"w":0.7089101076126099},"size":7.714447021484375,"orthographic":false}