{"cameraMode":{"drawMode":0,"name":"Shaded","section":"Shading Mode"},"sceneLighting":true,"audioPlay":false,"sceneViewState":{"showFog":true,"showMaterialUpdate":false,"showSkybox":true,"showFlares":true,"showImageEffects":true,"showParticleSystems":true,"showVisualEffectGraphs":true,"m_FxEnabled":true},"in2DMode":false,"pivot":{"x":9.129499435424805,"y":1.0042779445648194,"z":-17.363065719604493},"rotation":{"x":-0.004997350741177797,"y":-0.9528301358222961,"z":0.3029135763645172,"w":-0.009540406055748463},"size":11.568046569824219,"orthographic":false}