{"cameraMode":{"drawMode":0,"name":"Shaded","section":"Shading Mode"},"sceneLighting":true,"audioPlay":false,"sceneViewState":{"showFog":true,"showMaterialUpdate":false,"showSkybox":true,"showFlares":true,"showImageEffects":true,"showParticleSystems":true,"showVisualEffectGraphs":true,"m_FxEnabled":true},"in2DMode":false,"pivot":{"x":12.887107849121094,"y":0.9404616355895996,"z":-12.65844440460205},"rotation":{"x":0.027937833219766618,"y":0.9033759832382202,"z":-0.05513116344809532,"w":0.42407751083374026},"size":11.568046569824219,"orthographic":false}