{"cameraMode":{"drawMode":0,"name":"Shaded","section":"Shading Mode"},"sceneLighting":true,"audioPlay":false,"sceneViewState":{"showFog":true,"showMaterialUpdate":false,"showSkybox":true,"showFlares":true,"showImageEffects":true,"showParticleSystems":true,"showVisualEffectGraphs":true,"m_FxEnabled":true},"in2DMode":false,"pivot":{"x":14.606453895568848,"y":-10.268521308898926,"z":-21.028549194335939},"rotation":{"x":0.001103997346945107,"y":-0.930077314376831,"z":0.36647647619247439,"w":0.00985895935446024},"size":9.320502281188965,"orthographic":false}